<?xml version="1.0"?><!--Mario 64 Level Importer Settings File--><level><objfile>C:\Users\Dominic\Documents\Mario64LevelImporterv15\Brawl Final Destination\Brawl Final Destination.obj</objfile><romfile>C:\Users\Dominic\Documents\LM 64 2 Roms (Movie)\Luigi's Mansion 64 2 (No enemies) (U) [!] - 181s.z64</romfile><scaling>100</scaling><texscaling>1</texscaling><levelid>0</levelid><camera>3</camera><bankc>0</bankc><bankd>0</bankd><banke>0</banke><weather>0</weather><bright>0</bright><background>1</background><terrain>1</terrain><music>0</music><deathplane>1</deathplane><deathplaneheight>-8192</deathplaneheight><nomtl>0</nomtl><fog>0<transparent>0</transparent><fogpreset>0</fogpreset><fogr>0</fogr><fogg>0</fogg><fogb>0</fogb><shadeL>255</shadeL><shadeR>127</shadeR><custombg>1</custombg><bgfile>C:\Users\Dominic\Documents\Mario64LevelImporterv15\Brawl Final Destination\Sky.png</bgfile><offsetposition>0</offsetposition><offsetx>0</offsetx><offsety>0</offsety><offsetz>0</offsetz><water>0</water><scrolling>0</scrolling><fliptextures>1</fliptextures><swapxz>0</swapxz><rotatey>0</rotatey><angley>0</angley></fog></level>